City_ID,City,Lat,Lng,Max Temp,Humidity,Cloudiness,Wind Speed,Country,Date
0,margaret river,-33.95,115.0667,286.23,62,81,4.57,AU,1699550196
1,walvis bay,-22.9575,14.5053,290.42,78,9,2.99,NA,1699550356
2,waitangi,-43.9535,-176.5597,281.7,65,82,13.36,NZ,1699550193
3,wailua homesteads,22.0669,-159.378,298.59,80,75,9.26,US,1699550205
4,albany,42.6001,-73.9662,281.28,72,98,1.89,US,1699550065
5,tillaberi,14.2117,1.4531,307.34,10,94,1.28,NE,1699550361
6,west island,-12.1568,96.8225,299.14,89,70,4.63,CC,1699550134
7,ushuaia,-54.8,-68.3,283.96,35,40,7.2,AR,1699549927
8,remire-montjoly,4.9167,-52.2667,305.17,58,8,5.66,GF,1699549902
9,fondi,41.3541,13.4313,290.27,75,96,1.06,IT,1699550364
10,lae,-6.7221,146.9847,297.7,87,98,1.57,PG,1699550365
11,adamstown,-25.066,-130.1015,295.59,87,100,7.0,PN,1699550104
12,mildura,-34.2,142.15,293.8,36,1,3.19,AU,1699549829
13,bahia blanca,-38.7196,-62.2724,302.49,10,0,5.36,AR,1699550367
14,kavaratti,10.5669,72.642,301.44,74,100,2.64,IN,1699550172
15,nova vicosa,-17.8919,-39.3719,301.1,54,0,5.45,BR,1699550368
16,port-aux-francais,-49.35,70.2167,278.62,95,100,11.61,TF,1699550086
17,bredasdorp,-34.5322,20.0403,290.36,64,0,4.32,ZA,1699550164
18,suva,-18.1416,178.4415,297.86,83,75,3.09,FJ,1699549860
19,katsuura,35.1333,140.3,291.36,79,3,2.01,JP,1699550371
20,bilibino,68.0546,166.4372,251.36,99,98,1.16,RU,1699550158
21,port elizabeth,-33.918,25.5701,291.1,78,0,2.06,ZA,1699550217
22,isafjordur,66.0755,-23.124,277.17,65,75,8.23,IS,1699550108
23,antsiranana,-12.2787,49.2917,298.81,84,26,4.4,MG,1699550374
24,vorgashor,67.5833,63.95,272.57,97,100,5.77,RU,1699550089
25,nikolayevsk-on-amure,53.1406,140.73,263.04,99,98,1.12,RU,1699550375
26,juba,4.8517,31.5825,301.68,51,71,0.55,SS,1699550376
27,beterou,9.1992,2.2586,305.9,39,55,1.18,BJ,1699550377
28,kapit,2.0167,112.9333,296.21,98,99,0.3,MY,1699550377
29,punta arenas,-53.15,-70.9167,283.77,40,98,11.39,CL,1699549937
30,kudat,6.8837,116.8477,299.11,94,100,1.54,MY,1699550379
31,saint-philippe,-21.3585,55.7679,297.92,80,79,5.08,RE,1699549836
32,grytviken,-54.2811,-36.5092,274.66,98,99,2.32,GS,1699550109
33,vilyuchinsk,52.9306,158.4028,272.3,81,77,3.4,RU,1699550259
34,geraldton,-28.7667,114.6,292.38,68,100,9.77,AU,1699550382
35,bethel,41.3712,-73.414,285.64,72,100,1.54,US,1699550096
36,burang,30.25,81.1667,270.62,74,39,2.33,CN,1699550383
37,codrington,-38.2667,141.9667,282.45,91,61,2.82,AU,1699550384
38,ust'-ilimsk,58.0006,102.6619,256.73,96,18,0.45,RU,1699550073
39,talnakh,69.4865,88.3972,267.71,91,100,8.08,RU,1699549875
40,blackmans bay,-43.0167,147.3167,286.77,94,2,2.64,AU,1699550100
41,jamestown,42.097,-79.2353,281.22,95,100,6.17,US,1699550149
42,nova sintra,14.8667,-24.7167,295.82,67,99,6.62,CV,1699550096
43,queenstown,-31.8976,26.8753,291.28,55,1,3.5,ZA,1699550113
44,puerto natales,-51.7236,-72.4875,287.4,35,20,12.86,CL,1699549959
45,camayenne,9.535,-13.6878,302.2,84,75,3.09,GN,1699550389
46,ixtapa,20.7,-105.2,302.72,66,75,2.06,MX,1699550390
47,edinburgh of the seven seas,-37.0676,-12.3116,286.12,76,25,6.14,SH,1699550098
48,tiksi,71.6872,128.8694,254.96,92,100,4.67,RU,1699550211
49,iqaluit,63.7506,-68.5145,273.0,69,75,4.12,CA,1699550090
50,ca mau,9.1769,105.15,297.74,95,62,1.6,VN,1699550393
51,avarua,-21.2078,-159.775,296.18,88,20,2.57,CK,1699550162
52,ust-nera,64.5667,143.2,242.52,99,84,1.83,RU,1699550105
53,kolonia town,6.964,158.206,300.15,89,100,2.06,FM,1699550395
54,fiambala,-27.6871,-67.6149,300.97,22,0,5.76,AR,1699550396
55,atafu village,-8.5421,-172.5159,301.75,69,100,3.0,TK,1699550092
56,ilebo,-4.3167,20.5833,296.46,93,99,1.35,CD,1699550397
57,longyearbyen,78.2186,15.6401,271.06,93,100,10.8,SJ,1699550161
58,villa de san diego de ubate,5.3093,-73.8157,293.51,56,43,3.72,CO,1699550398
59,invercargill,-46.4,168.35,274.83,93,12,0.45,NZ,1699550189
60,al ghayzah,16.2079,52.176,300.62,57,6,3.14,YE,1699550401
61,christchurch,-43.5333,172.6333,281.78,82,100,2.06,NZ,1699550403
62,sardarapat,40.1321,44.0097,284.68,39,100,1.04,AM,1699550404
63,hede,33.7681,120.2517,285.43,60,100,7.82,CN,1699550405
64,kingston,17.997,-76.7936,306.68,62,20,6.69,JM,1699550358
65,broome,42.2506,-75.833,287.64,78,100,3.6,US,1699550407
66,yellowknife,62.456,-114.3525,271.71,98,100,10.29,CA,1699550118
67,hamilton,39.1834,-84.5333,289.77,64,40,5.14,US,1699549932
68,oban,56.4127,-5.4706,278.36,83,33,2.02,GB,1699549926
69,carloforte,39.145,8.3058,288.81,84,93,8.26,IT,1699550410
70,sinabang,2.4803,96.3801,299.08,83,100,0.26,ID,1699550309
71,jerseyville,39.12,-90.3285,285.92,28,100,3.03,US,1699550413
72,college,64.8569,-147.8028,276.14,60,100,4.63,US,1699550135
73,piacabucu,-10.4056,-36.4344,302.32,54,26,6.06,BR,1699550415
74,nar'yan-mar,67.6713,53.087,273.77,100,100,4.02,RU,1699550200
75,airway heights,47.6446,-117.5933,274.72,75,100,3.6,US,1699550417
76,puerto ayora,-0.7393,-90.3518,302.13,100,99,4.47,EC,1699550175
77,thunder bay,48.4001,-89.3168,276.14,81,100,4.63,CA,1699550406
78,port lincoln,-34.7333,135.8667,290.1,77,25,3.49,AU,1699550091
79,east ballina,-28.8667,153.5833,290.82,90,26,4.29,AU,1699549863
80,arteche,12.2645,125.4048,299.61,86,12,2.44,PH,1699550422
81,maiurno,13.4167,33.6667,302.5,53,35,4.58,SD,1699550423
82,hermanus,-34.4187,19.2345,291.74,68,0,5.38,ZA,1699549872
83,general conesa,-40.1,-64.4333,301.43,11,0,5.28,AR,1699550425
84,alice springs,-23.7,133.8833,291.9,48,76,4.12,AU,1699550276
85,finley,46.154,-119.0339,279.53,88,0,1.54,US,1699550427
86,chui,-33.6971,-53.4616,292.65,51,1,4.49,UY,1699550428
87,udachny,66.4167,112.4,260.07,84,100,1.88,RU,1699550080
88,las heras,-46.5419,-68.9359,290.02,25,0,4.86,AR,1699550430
89,igarka,67.4667,86.5833,265.29,90,100,10.45,RU,1699550432
90,kruisfontein,-34.0033,24.7314,288.44,67,0,2.5,ZA,1699549876
91,abadeh,31.1608,52.6506,286.73,35,0,1.32,IR,1699550434
92,bay roberts,47.5999,-53.2648,280.56,95,100,2.24,CA,1699550171
93,papatowai,-46.5619,169.4708,276.51,82,27,1.33,NZ,1699550152
94,puerto san jose,13.9256,-90.8244,302.69,71,83,0.71,GT,1699550436
95,northam,51.0333,-4.2167,282.73,88,100,12.92,GB,1699550437
96,ciudad pemex,17.9,-92.5,304.27,72,38,4.13,MX,1699550438
97,kristiansund,63.1115,7.732,279.51,65,0,4.12,NO,1699550440
98,sitka,57.0531,-135.33,281.09,76,100,7.2,US,1699549954
99,morehead city,34.7229,-76.726,299.16,77,0,5.66,US,1699550442
100,weno,7.4515,151.8468,301.05,82,99,9.48,FM,1699550443
101,ciudad lazaro cardenas,17.9583,-102.2,302.63,69,71,0.71,MX,1699550406
102,springbok,-29.6643,17.8865,301.02,19,0,1.3,ZA,1699550444
103,mosjoen,65.836,13.1908,278.38,93,0,1.03,NO,1699550391
104,yarmouth,41.7057,-70.2286,282.6,88,100,2.57,US,1699550446
105,hawaiian paradise park,19.5933,-154.9731,295.95,88,40,2.57,US,1699550267
106,port saint john's,-31.6229,29.5448,292.16,79,61,0.4,ZA,1699550448
107,labytnangi,66.6572,66.4183,270.51,97,100,2.74,RU,1699550449
108,guane,22.2025,-84.0875,302.28,59,20,4.56,CU,1699550450
109,nizhniy kuranakh,58.8353,125.4869,254.95,98,100,1.7,RU,1699550451
110,saipan,15.1355,145.701,300.54,83,0,3.09,MP,1699550169
111,lompoc,34.6391,-120.4579,292.0,55,0,2.68,US,1699550126
112,punta del este,-34.9667,-54.95,294.21,45,0,5.66,UY,1699550453
113,port alfred,-33.5906,26.891,291.58,85,1,1.79,ZA,1699550279
114,lat yao,15.751,99.7893,297.66,91,61,0.98,TH,1699550455
115,egilsstadir,65.2653,-14.3948,275.1,93,75,3.09,IS,1699549910
116,la ronge,55.1001,-105.2842,273.29,86,100,1.54,CA,1699550456
117,rio verde de mato grosso,-18.9181,-54.8442,311.33,25,68,2.87,BR,1699550457
118,shingu,33.7333,135.9833,292.44,85,96,2.52,JP,1699550458
119,enewetak,11.3474,162.3373,301.49,76,100,9.12,MH,1699550459
120,utrik,11.2278,169.8474,300.91,78,96,9.53,MH,1699550194
121,olonkinbyen,70.9221,-8.7187,271.53,69,100,2.99,SJ,1699550182
122,tralee,52.2704,-9.7026,282.29,93,75,6.69,IE,1699550461
123,strezhevoy,60.7333,77.5889,269.24,96,91,4.02,RU,1699550462
124,merizo village,13.2658,144.6691,301.0,94,52,8.32,GU,1699550463
125,dunedin,-45.8742,170.5036,277.34,87,12,1.96,NZ,1699550464
126,margate,51.3813,1.3862,281.43,82,100,3.13,GB,1699550314
127,mogadishu,2.0371,45.3438,301.25,79,73,5.79,SO,1699550465
128,long beach,33.767,-118.1892,297.2,29,0,1.54,US,1699550320
129,cadillac,44.2519,-85.4012,281.37,49,40,7.2,US,1699549754
130,bathsheba,13.2167,-59.5167,302.49,84,40,5.66,BB,1699550468
131,idfu,24.9803,32.8747,303.97,27,3,1.87,EG,1699550469
132,mount pearl,47.5166,-52.7813,279.9,98,100,6.17,CA,1699549945
133,afaahiti,-17.75,-149.2833,295.96,86,81,6.69,PF,1699550225
134,happy valley-goose bay,53.3168,-60.3315,273.32,64,100,4.12,CA,1699550156
135,santa marta,11.2408,-74.199,307.18,64,20,2.57,CO,1699550472
136,finike,36.295,30.1406,293.41,84,49,1.07,TR,1699550472
137,umluj,25.0213,37.2685,303.6,55,3,2.33,SA,1699550474
138,saldanha,-33.0117,17.9442,292.18,78,0,8.22,ZA,1699549943
139,kyren,51.6828,102.1408,258.68,87,2,0.89,RU,1699550476
140,saint-pierre,-21.3393,55.4781,297.97,69,0,2.57,RE,1699550477
141,lebu,-37.6167,-73.65,286.72,68,0,7.94,CL,1699550234
142,anadyr,64.75,177.4833,267.43,79,59,4.0,RU,1699550224
143,tabuk,17.4189,121.4443,296.63,91,90,1.29,PH,1699550479
144,nikel,69.4128,30.222,265.25,95,95,3.52,RU,1699550480
145,vila franca do campo,37.7167,-25.4333,294.38,99,98,5.18,PT,1699550481
146,maumere,-8.6199,122.2111,299.71,82,60,1.14,ID,1699550482
147,saint-christol-les-ales,44.0833,4.0833,283.68,88,79,0.64,FR,1699550483
148,ta`u,-14.2336,-169.5144,300.41,81,100,4.7,AS,1699549891
149,shimoda,34.6667,138.95,291.87,73,54,1.04,JP,1699550215
150,cururupu,-1.8283,-44.8683,304.1,58,74,3.85,BR,1699550385
151,arkhangel'sk,64.5401,40.5433,267.66,97,87,0.37,RU,1699550459
152,alofi,-19.0595,-169.9187,298.09,100,99,2.57,NU,1699550486
153,strelka,58.0728,93.0344,261.33,87,6,3.54,RU,1699550487
154,kayangel,8.0823,134.7173,302.16,75,64,4.6,PW,1699549890
155,san juan de miraflores,-12.1629,-76.9635,293.44,74,68,3.91,PE,1699550488
156,cabedelo,-6.9811,-34.8339,304.52,59,22,6.9,BR,1699550352
157,san nicolas,18.1725,120.5953,299.28,81,50,1.99,PH,1699550490
158,powell river,49.8496,-124.5361,282.7,87,100,4.12,CA,1699550490
159,yomju-up,39.8933,124.5981,271.69,55,62,6.7,KP,1699550433
160,palghat,10.7833,76.65,297.58,93,100,0.37,IN,1699550492
161,ribeira grande,38.5167,-28.7,294.37,94,75,9.39,PT,1699550137
162,sao tome,0.3365,6.7273,298.97,87,99,3.46,ST,1699550493
163,qarauyl,48.9451,79.255,279.24,76,100,6.05,KZ,1699550494
164,haiku-pauwela,20.9219,-156.3051,298.73,69,20,4.12,US,1699550495
165,vancleave,30.5405,-88.6875,300.53,61,0,3.09,US,1699550495
166,tsetserleg,47.475,101.4542,253.68,91,15,1.16,MN,1699550496
167,kill devil hills,36.0307,-75.676,297.16,58,0,7.2,US,1699550498
168,kodiak,57.79,-152.4072,272.88,55,0,4.12,US,1699550499
169,turi,40.9173,17.0212,288.17,73,0,3.09,IT,1699550500
170,lincheng,19.9078,109.6858,298.28,90,35,3.12,CN,1699550501
171,raceland,29.7274,-90.599,301.14,62,0,4.12,US,1699550353
172,belmonte,-15.8631,-38.8828,300.87,63,11,3.91,BR,1699550502
173,ciudad acuna,29.3232,-100.9522,295.31,88,75,4.63,MX,1699550503
174,kapuskasing,49.4169,-82.4331,272.15,86,100,5.66,CA,1699550131
175,junction city,39.0286,-96.8314,285.04,50,20,0.45,US,1699550505
176,beyneu,45.3167,55.2,284.81,56,100,7.29,KZ,1699550505
177,carnarvon,-24.8667,113.6333,293.6,75,72,9.92,AU,1699550024
178,auki,-8.7676,160.7034,298.2,90,95,3.12,SB,1699550507
179,mejit,10.2753,170.8646,300.68,80,100,9.32,MH,1699549685
180,dalandzadgad,43.5708,104.425,264.36,23,79,3.43,MN,1699550508
181,den burg,53.0542,4.7972,282.57,89,75,6.69,NL,1699550509
182,sheridan,44.8333,-106.9173,280.36,42,0,7.72,US,1699550510
183,newman,37.3138,-121.0208,287.17,53,9,0.94,US,1699550254
184,badger,64.8,-147.5333,276.1,60,100,4.63,US,1699550517
185,luderitz,-26.6481,15.1594,294.07,61,0,4.54,NA,1699550518
186,quellon,-43.1167,-73.6167,285.04,59,17,4.76,CL,1699550519
187,altai,46.3722,96.2583,261.72,89,95,1.73,MN,1699550485
188,ilulissat,69.2167,-51.1,271.16,74,75,5.14,GL,1699550112
189,nagqu,31.5,92.0,266.34,62,77,1.29,CN,1699550521
190,brookings,44.3114,-96.7984,280.62,55,75,7.72,US,1699550288
191,talcahuano,-36.7167,-73.1167,290.97,55,0,4.63,CL,1699550524
192,turpan,42.9333,89.1667,281.77,24,24,1.07,CN,1699550524
193,pechora,65.1472,57.2244,274.74,100,99,4.92,RU,1699550525
194,bumba,2.1833,22.4667,295.53,97,100,2.24,CD,1699550526
195,barauli,26.4,84.5833,294.85,51,0,1.53,IN,1699550527
196,castillos,-34.1667,-53.8333,292.77,40,3,4.19,UY,1699550527
197,new norfolk,-42.7826,147.0587,287.43,97,11,1.54,AU,1699549973
198,thompson,55.7435,-97.8558,266.24,79,100,4.63,CA,1699550251
199,ancud,-41.8697,-73.8203,286.16,57,46,2.52,CL,1699550275
200,bururi,-3.85,29.6333,289.61,87,73,1.35,BI,1699550530
201,childress,34.4264,-100.204,285.29,47,75,5.66,US,1699550531
202,okhotsk,59.3833,143.3,253.66,85,9,5.76,RU,1699550532
203,charters towers,-20.1,146.2667,292.58,86,7,3.47,AU,1699550284
204,marka,1.7159,44.7717,301.15,77,77,5.71,SO,1699550533
205,fort st. john,56.2499,-120.8529,271.09,86,75,4.63,CA,1699550333
206,zakynthos,37.7914,20.8953,291.28,72,40,0.0,GR,1699550535
207,oguta,5.7089,6.8103,300.44,80,88,3.09,NG,1699550536
208,shache,38.4167,77.2406,282.62,22,96,1.56,CN,1699550536
209,cannonvale,-20.2833,148.7,295.81,74,1,4.47,AU,1699550278
210,aldama,22.9167,-98.0667,300.65,86,96,2.22,MX,1699550538
211,general acha,-37.377,-64.6043,299.66,21,3,5.52,AR,1699550541
212,naze,28.3667,129.4833,296.66,78,73,4.14,JP,1699550249
213,stanley,54.868,-1.6985,279.7,86,20,1.54,GB,1699550087
214,tshabong,-26.05,22.45,304.47,11,0,3.59,BW,1699550545
215,tindouf,27.6711,-8.1474,303.4,17,5,1.54,DZ,1699550265
216,ciudad melchor muzquiz,27.8833,-101.5167,293.62,71,100,2.81,MX,1699550546
217,murzuq,25.9155,13.9184,298.48,19,100,3.21,LY,1699550547
218,virginia,37.5481,-77.4467,299.0,56,75,4.63,US,1699550460
219,eirunepe,-6.6603,-69.8736,309.01,38,95,1.33,BR,1699550549
220,constantia,44.1833,28.65,281.53,46,4,1.06,RO,1699550204
221,aasiaat,68.7098,-52.8699,268.43,76,99,4.57,GL,1699550133
222,mao,39.8885,4.2658,288.46,94,40,3.09,ES,1699550551
223,lihue,21.9789,-159.3672,298.92,75,75,9.26,US,1699550552
224,neyriz,29.1988,54.3278,288.8,27,0,1.04,IR,1699550553
225,omdurman,15.6445,32.4777,307.61,21,1,4.25,SD,1699550554
226,coronel dorrego,-38.7187,-61.2873,300.98,11,0,0.33,AR,1699550339
227,oriximina,-1.7656,-55.8661,309.01,36,6,3.63,BR,1699550555
228,st. john's,47.5649,-52.7093,280.36,98,100,7.72,CA,1699550187
229,aleksandrov gay,50.147,48.5704,284.53,79,100,11.74,RU,1699550557
230,callao,-12.0667,-77.15,294.31,73,100,4.63,PE,1699550558
231,kapa'a,22.0752,-159.319,299.33,80,75,9.26,US,1699550559
232,kiunga,-6.1219,141.2906,295.61,98,100,1.02,PG,1699550213
233,zhumysker,49.3333,49.4,285.43,72,100,11.06,KZ,1699550561
234,lakatoro,-16.0999,167.4164,298.02,81,96,7.24,VU,1699550562
235,mount gambier,-37.8333,140.7667,282.23,95,98,1.84,AU,1699550208
236,whitehorse,60.7161,-135.0538,276.58,81,40,7.2,CA,1699550179
237,qina,26.1642,32.7267,303.44,22,0,2.61,EG,1699550565
238,dashitou,43.3067,128.5114,263.41,85,32,3.9,CN,1699550567
239,san carlos de bariloche,-41.1456,-71.3082,293.01,18,0,0.0,AR,1699550570
240,tinogasta,-28.0632,-67.5649,302.59,21,1,5.3,AR,1699550571
241,colonia menno,-22.3667,-59.8167,313.42,25,100,4.83,PY,1699550571
242,port moresby,-9.4431,147.1797,295.82,86,51,3.06,PG,1699549963
243,al bawiti,28.3492,28.8659,296.31,47,8,4.31,EG,1699550573
244,road town,18.4167,-64.6167,302.2,79,40,4.12,VG,1699550113
245,laguna,38.421,-121.4238,289.61,65,0,2.57,US,1699550574
246,nemuro,43.3236,145.575,285.58,85,85,11.88,JP,1699550575
247,chilecito,-29.1619,-67.4974,300.57,20,1,3.37,AR,1699550477
248,ulety,51.3572,112.4849,260.19,88,87,2.81,RU,1699550576
249,qaqortoq,60.7167,-46.0333,272.85,86,97,2.12,GL,1699550220
250,dudinka,69.4058,86.1778,267.97,90,100,12.52,RU,1699550578
251,sidareja,-7.4846,108.7923,297.75,92,100,0.61,ID,1699550578
252,yuzhno-kurilsk,44.0306,145.8556,285.58,88,95,10.59,RU,1699550579
253,barcelos,41.5388,-8.6151,287.42,81,88,2.7,PT,1699550580
254,adrar,20.5022,-10.0711,301.86,17,0,4.65,MR,1699550581
255,constitucion,-35.3333,-72.4167,290.28,64,3,4.46,CL,1699550581
256,zaltan,32.947,11.8665,294.29,68,21,5.91,LY,1699550582
257,isla mujeres,21.2311,-86.731,302.18,59,51,5.37,MX,1699550583
258,hasaki,35.7333,140.8333,286.37,72,14,2.92,JP,1699549852
259,ugoofaaru,5.6667,73.0,300.17,78,100,1.87,MV,1699550584
260,fort bragg,35.139,-79.006,298.61,56,0,3.6,US,1699550206
261,vwawa,-9.1167,32.9333,295.16,40,98,2.48,TZ,1699550586
262,zijinglu,34.76,112.9714,279.89,33,98,5.12,CN,1699550587
263,cauquenes,-35.9671,-72.3225,296.19,37,0,0.86,CL,1699550588
264,port mathurin,-19.6833,63.4167,298.17,71,1,6.72,MU,1699550115
265,san diego de la union,21.4667,-100.8667,296.73,23,47,1.81,MX,1699550589
266,onega,63.9061,38.1404,272.2,89,100,1.18,RU,1699550590
267,yeysk,46.6989,38.2792,283.4,73,61,5.96,RU,1699550591
268,lospalos,-8.5186,127.0025,294.07,87,24,0.44,TL,1699550592
269,sanchursk,56.9413,47.2499,277.14,94,100,3.14,RU,1699550593
270,ulladulla,-35.35,150.4667,286.35,92,87,1.75,AU,1699550283
271,namibe,-15.1961,12.1522,294.55,72,21,4.49,AO,1699550595
272,keflavik,64.0049,-22.5624,277.39,75,0,1.03,IS,1699550097
273,rawlins,41.7911,-107.2387,273.35,64,1,7.23,US,1699550374
274,yerofey pavlovich,53.9667,121.9667,259.05,70,91,1.63,RU,1699550598
275,meulaboh,4.1363,96.1285,297.33,93,100,2.36,ID,1699550598
276,kohlu,29.8962,69.252,291.14,29,2,2.78,PK,1699550600
277,takoradi,4.8845,-1.7554,300.41,81,59,4.2,GH,1699550601
278,novaci,45.1833,23.6667,278.92,67,1,1.21,RO,1699550602
279,magadan,59.5667,150.8,254.7,80,5,3.05,RU,1699550602
280,itaituba,-4.2761,-55.9836,313.27,26,38,1.32,BR,1699550153
281,cananea,30.95,-110.3,288.94,23,0,4.1,MX,1699550604
282,porto novo,6.4965,2.6036,302.05,76,86,4.08,BJ,1699550180
283,patterson,37.4716,-121.1297,288.28,53,14,1.1,US,1699550605
284,portland,45.5234,-122.6762,280.72,94,75,2.57,US,1699550317
285,mbeni,-11.5014,43.3775,297.03,83,12,3.58,KM,1699550606
286,isangel,-19.55,169.2667,295.36,75,97,6.57,VU,1699550275
287,cabo san lucas,22.8909,-109.9124,302.46,62,0,1.54,MX,1699550609
288,al wajh,26.2455,36.4525,303.12,39,0,1.54,SA,1699550610
289,east london,-33.0153,27.9116,290.67,88,40,1.54,ZA,1699550610
290,awjilah,29.1081,21.2869,297.45,30,100,3.79,LY,1699550611
291,metairie,29.9841,-90.1528,300.93,61,75,4.63,US,1699550610
292,hithadhoo,-0.6,73.0833,300.5,81,77,3.73,MV,1699550258
293,tual,-5.6667,132.75,300.32,79,87,2.6,ID,1699550614
294,essaouira,31.5125,-9.77,297.87,43,53,5.66,MA,1699550615
295,klyuchi,52.2667,79.1667,274.35,71,57,3.95,RU,1699550160
296,novohrad-volynskyi,50.5941,27.6165,278.18,81,37,3.01,UA,1699550617
297,morondava,-20.2833,44.2833,299.77,80,93,6.37,MG,1699550618
298,mahibadhoo,3.7833,72.9667,299.83,83,100,4.61,MV,1699550619
299,dyersburg,36.0345,-89.3856,289.23,51,40,6.17,US,1699550411
300,okha,53.5739,142.9478,270.7,86,100,4.97,RU,1699550620
301,prince george,53.9166,-122.753,274.98,93,100,2.57,CA,1699550621
302,al jawf,29.5,38.75,297.68,26,0,2.77,SA,1699550621
303,ad dilam,23.9915,47.1627,297.38,26,0,3.86,SA,1699550622
304,rongelap,11.1635,166.8941,300.69,80,98,9.98,MH,1699550623
305,dryden,49.7833,-92.7503,273.31,86,100,3.6,CA,1699550624
306,sinop,41.7711,34.8709,283.47,93,99,2.54,TR,1699550625
307,gummi,12.1436,5.1081,305.34,15,89,1.96,NG,1699550626
308,tazovsky,67.4667,78.7,269.93,86,100,8.64,RU,1699550203
309,dawson creek,55.7666,-120.2362,272.95,80,0,2.57,CA,1699550099
310,letterkenny,54.95,-7.7333,281.09,92,82,1.24,IE,1699550628
311,bien unido,10.1373,124.3776,301.16,81,48,2.4,PH,1699550628
312,acarau,-2.8856,-40.12,304.03,57,36,10.55,BR,1699550629
313,kalabo,-14.97,22.6814,298.51,53,100,2.49,ZM,1699550630
314,bikenibeu village,1.3673,173.1241,301.92,75,95,4.22,KI,1699550631
315,hadibu,12.65,54.0333,299.97,73,16,4.35,YE,1699550631
316,champerico,14.3,-91.9167,307.45,75,38,1.61,GT,1699550257
317,zhezqazghan,47.7833,67.7667,278.96,84,75,4.81,KZ,1699550633
318,dunhua,43.3725,128.2425,260.75,91,25,2.86,CN,1699550634
319,formosa do rio preto,-11.0483,-45.1931,306.83,33,46,3.58,BR,1699550635
320,nellore,14.4333,79.9667,299.35,78,48,2.69,IN,1699550390
321,sechura,-5.5569,-80.8222,299.29,54,77,4.7,PE,1699550636
322,laojunmiao,39.8333,97.7333,273.77,38,47,0.31,CN,1699550637
323,meadow lakes,61.6247,-149.6011,274.14,96,100,2.06,US,1699550638
324,vila velha,-20.3297,-40.2925,302.12,67,0,9.26,BR,1699549894
325,banda aceh,5.5577,95.3222,299.77,79,100,3.23,ID,1699550639
326,dellys,36.9172,3.9131,291.67,57,82,6.06,DZ,1699550640
327,msanga,-6.05,36.0333,300.22,44,14,5.1,TZ,1699550641
328,singkil,-7.9855,111.4161,298.53,84,99,1.78,ID,1699550642
329,malango,-2.9627,119.9001,292.38,96,87,1.11,ID,1699550644
330,plettenberg bay,-34.0527,23.3716,288.97,74,0,2.57,ZA,1699550645
331,kharp,66.8014,65.8081,268.18,98,97,1.15,RU,1699550646
332,chibougamau,49.9168,-74.3659,264.94,86,100,3.09,CA,1699550113
333,danielskuil,-28.1887,23.5395,299.77,16,0,4.54,ZA,1699550648
334,prenzlau,53.3167,13.8667,283.34,84,100,6.48,DE,1699550649
335,iskateley,67.6803,53.1512,273.72,100,100,4.02,RU,1699550259
336,general villegas,-35.0328,-63.0125,301.04,21,28,5.44,AR,1699550651
337,palikir - national government center,6.9248,158.1611,299.56,89,100,2.06,FM,1699550652
338,hami,42.8,93.45,276.16,27,30,0.56,CN,1699550286
339,columbia city,41.1573,-85.4883,285.92,46,63,3.58,US,1699550653
340,chapaev,50.2,51.1667,283.98,62,100,10.82,KZ,1699550434
341,cova figueira,14.8905,-24.2934,295.86,68,100,5.81,CV,1699550655
342,leninskoye,41.7589,69.3864,281.8,61,95,2.15,KZ,1699550656
343,georgetown,5.4112,100.3354,299.27,97,40,1.54,MY,1699550161
344,juneau,58.3019,-134.4197,280.15,93,100,9.26,US,1699550660
345,pilcaya,18.7333,-99.6833,298.73,62,27,1.07,MX,1699550661
346,sosnovka,56.255,51.2842,278.91,92,100,3.51,RU,1699550662
347,kone,-21.0595,164.8658,291.73,75,55,1.88,NC,1699550664
348,carupano,10.6678,-63.2585,303.84,62,11,5.89,VE,1699550665
349,polyarnyy,69.1989,33.4478,267.09,91,90,4.21,RU,1699550665
350,ceeldheer,3.8488,47.1806,301.0,76,22,7.68,SO,1699550666
351,coquimbo,-29.9533,-71.3436,289.0,82,75,4.12,CL,1699550173
352,mafraq,32.3333,37.9167,296.47,30,4,2.59,JO,1699550668
353,sankt augustin,50.7667,7.1833,284.72,78,75,4.12,DE,1699550669
354,meadow lake,34.8014,-106.5436,284.7,42,63,5.62,US,1699550669
355,tazacorte,28.629,-17.9293,297.12,67,40,6.17,ES,1699550670
356,carutapera,-1.195,-46.02,303.62,62,79,4.26,BR,1699550671
357,voznesenskaya,44.5527,41.0318,281.55,87,100,6.03,RU,1699550672
358,kimbe,-5.5502,150.1429,297.09,87,100,2.48,PG,1699550673
359,papao,-17.75,-149.55,296.85,84,30,7.44,PF,1699550199
360,petropavlovsk-kamchatsky,53.0452,158.6483,271.48,73,20,9.39,RU,1699550247
361,pasni,25.2631,63.471,301.08,38,0,9.28,PK,1699550675
362,upata,8.0086,-62.3989,304.92,44,90,3.07,VE,1699550676
363,floro,61.5996,5.0328,280.13,61,0,3.6,NO,1699550660
364,la mira,18.035,-102.3266,302.76,69,66,0.82,MX,1699550677
365,kuala belait,4.5833,114.1833,299.24,88,95,1.53,BN,1699550678
366,luebo,-5.35,21.4167,295.4,94,100,1.01,CD,1699550680
367,leer,53.2316,7.461,282.56,87,100,5.74,DE,1699550681
368,makushino,55.2103,67.2442,275.84,97,100,4.03,RU,1699550683
369,fort mcmurray,56.7268,-111.381,269.92,86,100,2.57,CA,1699550675
370,aby,58.6667,16.1833,280.99,93,100,2.57,SE,1699550684
371,jaciara,-15.9653,-54.9683,309.15,30,53,2.81,BR,1699550516
372,nadi,-17.8,177.4167,297.15,88,75,1.54,FJ,1699550686
373,zaozersk,69.4005,32.4476,266.54,93,96,3.92,RU,1699550686
374,tanumah,27.1,44.1333,297.49,25,0,3.01,SA,1699550631
375,chonchi,-42.6128,-73.8092,285.71,47,45,1.93,CL,1699550191
376,kourou,5.1552,-52.6478,305.18,56,13,4.11,GF,1699550688
377,nuku'alofa,-21.1333,-175.2,295.34,94,100,5.14,TO,1699550689
378,baruun-urt,46.6806,113.2792,254.11,88,16,2.54,MN,1699550302
379,lorengau,-2.0226,147.2712,299.71,85,100,5.1,PG,1699550512
380,nadym,65.5333,72.5167,269.73,88,100,6.77,RU,1699550692
381,shiqian,27.5225,108.2281,291.2,95,99,1.56,CN,1699550650
382,rio grande,-32.035,-52.0986,301.21,55,11,3.54,BR,1699550284
383,kushikino,31.7167,130.2667,292.64,87,100,3.83,JP,1699550694
384,bardai,11.65,7.2333,300.46,22,40,1.15,NG,1699550695
385,usogorsk,63.4106,48.6872,273.52,96,100,3.2,RU,1699550696
386,atar,20.5169,-13.0499,304.13,13,0,6.24,MR,1699550696
387,tenno,39.9,139.9667,288.26,70,53,4.66,JP,1699550697
388,kerikeri,-35.2268,173.9474,284.42,88,100,1.52,NZ,1699549895
389,san luis de la loma,17.2706,-100.8939,303.09,65,69,2.77,MX,1699550698
390,tolanaro,-25.0319,46.9987,297.19,88,75,1.54,MG,1699550699
391,altay,47.8667,88.1167,269.28,73,7,3.09,CN,1699550620
392,shuangjiang,26.1547,109.7138,291.24,98,98,1.41,CN,1699550701
393,catarman,12.4989,124.6377,298.45,91,20,1.51,PH,1699550702
394,jindabyne,-36.4167,148.6333,282.78,91,11,1.73,AU,1699550704
395,tura,25.5198,90.2201,291.41,69,4,1.45,IN,1699550619
396,holualoa,19.6228,-155.9522,294.69,79,0,2.68,US,1699550261
397,calp,38.6447,0.0445,293.85,55,71,3.74,ES,1699550706
398,sao joao da barra,-21.6403,-41.0511,304.2,68,3,8.58,BR,1699550707
399,at taj,24.2049,23.2857,297.89,21,6,4.66,LY,1699550708
400,urzhar,47.093,81.6294,279.52,90,100,0.42,KZ,1699550709
401,keren,15.7778,38.4581,296.5,59,62,2.5,ER,1699550652
402,poronaysk,49.2167,143.1167,274.56,99,100,3.67,RU,1699550711
403,ghadamis,30.1337,9.5007,300.36,14,27,4.0,LY,1699550712
404,gevas,38.2968,43.1083,279.93,52,100,2.82,TR,1699550712
405,vernon,50.2581,-119.2691,279.42,93,100,2.57,CA,1699550419
406,flin flon,54.7682,-101.865,271.06,86,100,1.54,CA,1699550714
407,dalbandin,28.8947,64.4101,292.22,30,0,3.21,PK,1699550715
408,mont-dore,-22.2833,166.5833,289.14,68,84,3.37,NC,1699550716
409,pundong,-7.9522,110.3486,298.27,89,100,0.2,ID,1699550717
410,mont-laurier,46.5501,-75.4993,271.94,87,100,2.25,CA,1699550718
411,murray bridge,-35.1167,139.2667,292.23,68,39,1.82,AU,1699550719
412,fraga,41.5229,0.3489,287.88,56,44,6.93,ES,1699550719
413,nosy varika,-20.5833,48.5333,296.81,91,100,5.64,MG,1699550720
414,richards bay,-28.783,32.0377,292.78,75,76,1.92,ZA,1699550298
415,gumdag,39.2061,54.5906,289.86,33,69,7.9,TM,1699550722
416,iskilip,40.7353,34.4739,284.83,78,100,3.0,TR,1699550722
417,san patricio,28.017,-97.5169,302.12,61,100,3.74,US,1699550207
418,galliano,29.4422,-90.2992,301.15,57,100,2.57,US,1699550676
419,clearwater,27.9659,-82.8001,303.1,61,0,2.24,US,1699550467
420,gidole,5.65,37.3667,290.63,64,61,1.41,ET,1699550725
421,kayyerkan,69.3786,87.7439,267.76,85,100,7.59,RU,1699550726
422,turbat,26.0023,63.044,300.16,25,0,9.52,PK,1699550726
423,al hayy,32.1735,46.0433,298.31,27,0,1.33,IQ,1699550727
424,lavrio,37.7145,24.0565,293.28,68,59,7.52,GR,1699550728
425,seoul,37.5683,126.9778,282.81,65,0,6.69,KR,1699550619
426,tabas,33.5959,56.9244,290.27,31,0,2.06,IR,1699550730
427,torghay,49.6339,63.4981,281.03,62,95,3.51,KZ,1699550731
428,nueva esperanza,15.2667,-87.6,299.94,65,89,1.22,HN,1699550732
429,fujin,47.26,132.0322,266.21,96,100,3.95,CN,1699550732
430,tol'yatti,53.5303,49.3461,279.5,87,100,11.14,RU,1699550733
431,severo-yeniseyskiy,60.3725,93.0408,257.36,96,12,1.34,RU,1699550188
432,flying fish cove,-10.4217,105.6791,298.97,88,75,3.09,CX,1699550737
433,pontes e lacerda,-15.2261,-59.3353,313.83,23,85,2.59,BR,1699550738
434,priladozhskiy,59.85,31.4833,277.33,1,95,2.28,RU,1699550739
435,kangding,30.0513,101.9603,280.32,89,99,1.25,CN,1699550740
436,chiroqchi,39.0336,66.5722,283.2,50,0,1.97,UZ,1699550740
437,pisco,-13.7,-76.2167,294.18,78,100,3.09,PE,1699550638
438,north bend,43.4065,-124.2243,281.52,93,100,4.12,US,1699550658
439,dickinson,29.4608,-95.0513,301.56,78,75,3.6,US,1699550711
440,fortuna,40.5982,-124.1573,282.55,93,0,3.6,US,1699550743
441,cole harbour,44.6724,-63.4751,279.81,76,75,8.75,CA,1699550744
442,yashkino,55.8736,85.4265,263.27,96,14,1.99,RU,1699550744
443,valparaiso,-33.0393,-71.6273,294.28,59,0,7.2,CL,1699550723
444,bel ombre,-4.6167,55.4167,301.06,78,20,1.54,SC,1699550747
445,carbonear,47.7332,-53.2148,280.61,96,100,8.93,CA,1699550747
446,prince rupert,54.3161,-130.3201,280.98,91,100,5.66,CA,1699550749
447,lerwick,60.1545,-1.1494,279.15,78,97,4.62,GB,1699550338
448,paracuru,-3.41,-39.0306,301.54,55,7,8.46,BR,1699550750
449,ko pha ngan,9.7578,100.0291,299.28,70,94,1.16,TH,1699550751
450,dihok,36.8695,42.994,292.35,37,96,1.97,IQ,1699550754
451,fauske,67.2588,15.3918,274.17,81,16,3.43,NO,1699550637
452,liberal,37.0431,-100.921,281.73,42,0,1.54,US,1699550756
453,forster,-32.1667,152.5167,290.58,96,98,5.88,AU,1699550756
454,aykhal,66.0,111.5,260.31,91,100,1.83,RU,1699550457
455,mankono,8.0586,-6.1897,300.45,70,88,1.68,CI,1699550758
456,susuman,62.7833,148.1667,242.65,99,93,0.09,RU,1699550760
457,nsanje,-16.92,35.262,299.94,73,90,3.48,MW,1699550761
458,mirny,62.5353,113.9611,258.84,77,68,5.81,RU,1699550761
459,dukhan,25.4297,50.7858,299.94,64,31,4.37,QA,1699550762
460,muurame,62.1333,25.6667,273.46,91,100,0.68,FI,1699550763
461,trondheim,63.4305,10.3951,279.2,76,100,1.34,NO,1699550764
462,mancio lima,-7.6142,-72.8958,301.19,78,75,1.03,BR,1699550764
463,swakopmund,-22.6833,14.5333,290.62,77,10,2.68,NA,1699550765
464,mount isa,-20.7333,139.5,295.02,88,86,3.09,AU,1699550767
465,villa regina,-39.1,-67.0667,303.7,15,4,4.02,AR,1699550606
466,sidi bennour,32.6524,-8.4277,295.74,33,89,6.47,MA,1699550768
467,goundi,9.3627,17.366,303.54,42,64,2.38,TD,1699550769
468,aginskoye,51.1,114.53,260.62,94,87,3.13,RU,1699550769
469,sharjah,25.3573,55.4033,303.14,34,0,2.57,AE,1699550770
470,diego de almagro,-26.3667,-70.05,303.08,13,24,4.48,CL,1699550771
471,howrah,22.5892,88.3103,296.15,83,20,0.0,IN,1699550772
472,revda,56.801,59.9303,271.16,98,59,1.39,RU,1699550773
473,rawson,-43.3002,-65.1023,292.57,26,7,1.58,AR,1699550774
474,port-cartier,50.0334,-66.8654,275.27,86,97,4.4,CA,1699550775
475,san antonio de pale,-1.4014,5.6325,299.27,79,22,4.56,GQ,1699550776
476,nantucket,41.2835,-70.0995,283.23,78,100,5.66,US,1699550777
477,nobres,-14.7203,-56.3275,311.71,26,42,2.49,BR,1699550778
478,tchintabaraden,15.8969,5.7985,304.61,8,95,2.54,NE,1699550779
479,cholet,47.1667,-1.0,283.85,79,59,8.05,FR,1699550779
480,luau,-10.7073,22.2247,295.05,77,58,1.25,AO,1699550780
481,yuto,-23.6434,-64.4719,298.6,63,97,2.85,AR,1699550781
482,tavda,58.0425,65.2726,276.87,68,100,1.34,RU,1699550782
483,vorkuta,67.5,64.0,272.75,97,100,5.57,RU,1699550638
484,al qusayr,34.5091,36.5798,291.41,75,52,0.45,SY,1699550783
485,mata-utu,-13.2816,-176.1745,301.29,79,100,6.93,WF,1699550784
486,nizhneangarsk,55.7833,109.55,259.82,68,88,2.68,RU,1699550785
487,chingola,-12.529,27.8838,294.0,62,91,1.93,ZM,1699550786
488,fortaleza,-3.7227,-38.5247,304.22,55,0,10.29,BR,1699550151
489,medina,24.4686,39.6142,304.39,18,0,5.14,SA,1699550647
490,tvoroyri,61.5556,-6.8111,281.46,81,76,8.11,FO,1699550243
491,pangoa,-12.1167,-73.0,294.95,98,100,1.54,PE,1699550788
492,fale old settlement,-9.3852,-171.2468,301.08,77,100,2.14,TK,1699550244
493,kavieng,-2.5744,150.7967,301.44,78,100,5.52,PG,1699550598
494,greymouth,-42.4667,171.2,279.9,88,8,2.8,NZ,1699550792
495,westport,41.1415,-73.3579,289.2,75,100,3.09,US,1699550214
496,minas de marcona,-15.2119,-75.1103,293.82,57,42,3.95,PE,1699550731
497,agaro,7.85,36.65,290.13,90,32,0.93,ET,1699550795
498,aswan,24.0934,32.907,302.6,38,1,4.9,EG,1699550799
499,mermoz boabab,14.7065,-17.4758,303.46,54,48,3.09,SN,1699550801
500,oranjemund,-28.55,16.4333,290.68,74,0,6.8,NA,1699550802
501,rio preto da eva,-2.6994,-59.6997,310.62,33,25,2.2,BR,1699550803
502,dalnerechensk,45.9339,133.7225,267.59,95,100,4.54,RU,1699550803
503,conduaga,8.862,117.4893,299.32,84,45,0.96,PH,1699550804
504,el granada,37.5027,-122.4694,289.95,69,40,0.45,US,1699550717
505,velikiye luki,56.34,30.5452,278.19,91,68,2.69,RU,1699550806
506,moama,-36.1167,144.7833,289.81,82,0,2.98,AU,1699550807
507,leava,-14.3,-178.1667,300.75,83,100,4.44,WF,1699550808
508,arica,-18.475,-70.3042,298.9,64,20,6.17,CL,1699550809
509,zhoucun,36.8167,117.8167,277.02,42,98,2.39,CN,1699550809
510,jieshou,33.2634,115.3611,283.72,67,100,6.51,CN,1699550811
511,tourlaville,49.6383,-1.5664,283.44,87,100,8.23,FR,1699550813
512,pointe-noire,-4.7761,11.8635,298.84,88,99,1.51,CG,1699550814
513,fuglafjordur,62.244,-6.814,280.41,91,100,9.97,FO,1699550814
514,fonte boa,-2.4959,-66.2662,309.31,40,62,1.62,BR,1699550815
515,henderson,36.0397,-114.9819,289.64,24,0,9.26,US,1699550734
516,mana,5.6592,-53.7767,303.73,61,8,5.17,GF,1699550817
517,bhamo,24.2667,97.2333,293.51,72,48,0.59,MM,1699550818
518,snyder,32.7179,-100.9176,282.59,87,100,6.17,US,1699550819
519,olyokminsk,60.3736,120.4264,253.51,98,81,1.66,RU,1699550819
520,dongola,19.1667,30.4833,304.0,28,0,3.56,SD,1699550820
521,menongue,-14.6585,17.691,299.8,40,90,2.62,AO,1699550821
522,lahij,13.1667,44.5833,298.26,61,43,2.83,YE,1699550823
523,vitre,48.1178,-1.2058,282.05,78,100,7.21,FR,1699550824
524,ceres,37.5949,-120.9577,288.17,69,0,1.54,US,1699550826
525,tanguieta,10.6212,1.2665,307.09,30,93,1.36,BJ,1699550827
526,gadzhiyevo,69.2551,33.3362,266.62,92,92,4.18,RU,1699550828
527,hobyo,5.3505,48.5268,300.2,83,93,8.63,SO,1699550828
528,eyl,7.9803,49.8164,300.06,73,93,8.02,SO,1699550829
529,santa vitoria do palmar,-33.5189,-53.3681,293.64,49,0,4.14,BR,1699550830
530,jamaame,0.0697,42.745,300.12,80,98,2.79,SO,1699550831
531,machico,32.7,-16.7667,295.93,76,20,4.63,PT,1699550832
532,malpe,13.35,74.7167,299.76,83,100,0.55,IN,1699550832
533,kzyltu,53.6364,72.3414,278.66,92,100,3.67,KZ,1699550833
534,bubaque,11.2833,-15.8333,301.64,50,100,2.26,GW,1699550834
535,merritt,50.1123,-120.7942,273.89,89,99,2.24,CA,1699550835
536,siwa oasis,29.2041,25.5195,298.39,45,82,3.04,EG,1699550836
537,praia da vitoria,38.7333,-27.0667,294.29,88,40,8.92,PT,1699550837
538,kuqa,41.7278,82.9364,282.36,30,100,2.42,CN,1699550837
539,svetlyy,54.675,20.1347,281.18,69,99,7.57,RU,1699550838
540,qacha's nek,-30.1154,28.6894,287.34,69,4,2.43,LS,1699550839
541,howard springs,-12.497,131.047,301.41,78,38,2.18,AU,1699550287
542,touros,-5.1989,-35.4608,303.0,55,0,7.96,BR,1699550840
543,kurtamysh,54.9103,64.4319,275.13,73,100,3.13,RU,1699550841
544,al jahra',29.3375,47.6581,299.05,41,0,2.51,KW,1699550842
545,bushehr,28.9684,50.8385,300.2,65,0,2.06,IR,1699550844
546,kemecse,48.0753,21.8063,281.01,74,80,3.23,HU,1699550845
547,paraiba do sul,-22.1619,-43.2928,305.08,40,3,2.12,BR,1699550846
548,asmara,15.3333,38.9333,288.26,76,86,1.91,ER,1699550847
549,arvayheer,46.2639,102.775,259.74,40,75,1.52,MN,1699550849
550,muynoq,43.7683,59.0214,283.54,73,92,4.43,UZ,1699550849
551,wotho,10.1657,166.0102,301.16,80,93,9.1,MH,1699550850
552,tofol,5.3248,163.0078,301.39,80,100,6.28,FM,1699550317
553,ko lanta,7.5336,99.0865,300.48,78,97,1.88,TH,1699550852
554,machali,-34.1833,-70.6667,298.75,34,0,2.06,CL,1699550852
555,mili,6.0815,171.735,298.16,95,100,2.06,MH,1699550853
556,tuburan,6.6439,122.2736,300.71,80,95,1.9,PH,1699550854
557,labrador city,52.9463,-66.9114,267.1,79,75,5.14,CA,1699550855
558,palmer,42.1584,-72.3287,277.78,83,100,2.06,US,1699550856
559,ghanzi,-21.5667,21.7833,305.35,14,0,3.87,BW,1699550856
560,omurtag,43.1,26.4167,280.37,62,1,1.99,BG,1699550857
561,khandyga,62.6667,135.6,240.27,100,88,0.99,RU,1699550270
562,three points,32.0767,-111.3137,293.02,23,0,0.82,US,1699550858
563,selfoss,63.9331,-20.9971,276.51,61,0,4.94,IS,1699550644
564,sandakan,5.8402,118.1179,299.97,94,20,1.03,MY,1699550860
565,sarina,-21.4333,149.2167,292.38,1,2,1.93,AU,1699550860
566,north platte,41.1239,-100.7654,282.77,51,0,7.2,US,1699550861
567,wuwei,37.9281,102.6414,274.36,43,91,1.7,CN,1699550862
568,pekan,3.4836,103.3996,298.21,91,63,2.27,MY,1699550863
569,richmond,37.5538,-77.4603,298.93,56,75,4.63,US,1699550692
570,muisne,0.6,-80.0333,298.8,85,100,5.57,EC,1699550864
